{"cameraMode":{"drawMode":0,"name":"Shaded","section":"Shading Mode"},"sceneLighting":true,"audioPlay":false,"sceneViewState":{"m_AlwaysRefresh":false,"showFog":true,"showSkybox":true,"showFlares":true,"showImageEffects":true,"showParticleSystems":true,"showVisualEffectGraphs":true,"m_FxEnabled":true},"in2DMode":false,"pivot":{"x":-8.502657890319825,"y":25.976613998413087,"z":16.03860092163086},"rotation":{"x":0.004817346576601267,"y":-0.8990063667297363,"z":0.4379429817199707,"w":0.009312001056969166},"size":1.7797198295593262,"orthographic":false}