{"cameraMode":{"drawMode":0,"name":"Shaded","section":"Shading Mode"},"sceneLighting":true,"audioPlay":false,"sceneViewState":{"m_AlwaysRefresh":false,"showFog":true,"showSkybox":true,"showFlares":true,"showImageEffects":true,"showParticleSystems":true,"showVisualEffectGraphs":true,"m_FxEnabled":true},"in2DMode":false,"pivot":{"x":-995.0437622070313,"y":480.09356689453127,"z":-471.3271789550781},"rotation":{"x":0.18518316745758058,"y":0.02471139281988144,"z":-0.004845983814448118,"w":0.9824511408805847},"size":13.28158950805664,"orthographic":false}