{"cameraMode":{"drawMode":0,"name":"Shaded","section":"Shading Mode"},"sceneLighting":false,"audioPlay":false,"sceneViewState":{"m_AlwaysRefresh":false,"showFog":true,"showSkybox":true,"showFlares":true,"showImageEffects":true,"showParticleSystems":true,"showVisualEffectGraphs":true,"m_FxEnabled":true},"in2DMode":false,"pivot":{"x":89.57452392578125,"y":-76.09078979492188,"z":123.14081573486328},"rotation":{"x":0.11106079816818237,"y":0.01903877593576908,"z":-0.0023636361584067346,"w":0.9936834573745728},"size":133.4131317138672,"orthographic":false}