{"cameraMode":{"drawMode":0,"name":"Shaded","section":"Shading Mode"},"sceneLighting":false,"audioPlay":false,"sceneViewState":{"m_AlwaysRefresh":false,"showFog":true,"showSkybox":true,"showFlares":true,"showImageEffects":true,"showParticleSystems":true,"showVisualEffectGraphs":true,"m_FxEnabled":true},"in2DMode":false,"pivot":{"x":-79.12686920166016,"y":-0.16656628251075746,"z":0.649198055267334},"rotation":{"x":-0.22845010459423066,"y":-0.45014551281929018,"z":0.12066832184791565,"w":-0.8548311591148377},"size":1.0079541206359864,"orthographic":false}