{"cameraMode":{"drawMode":0,"name":"Shaded","section":"Shading Mode"},"sceneLighting":false,"audioPlay":false,"sceneViewState":{"m_AlwaysRefresh":false,"showFog":true,"showSkybox":true,"showFlares":true,"showImageEffects":true,"showParticleSystems":true,"showVisualEffectGraphs":true,"m_FxEnabled":true},"in2DMode":false,"pivot":{"x":-0.37045809626579287,"y":1.2089571952819825,"z":0.6803538203239441},"rotation":{"x":-0.11660509556531906,"y":0.2817186713218689,"z":-0.03419511392712593,"w":-0.9518316388130188},"size":0.8935747742652893,"orthographic":false}