{"cameraMode":{"drawMode":0,"name":"Shaded","section":"Shading Mode"},"sceneLighting":false,"audioPlay":false,"sceneViewState":{"m_AlwaysRefresh":false,"showFog":true,"showSkybox":true,"showFlares":true,"showImageEffects":true,"showParticleSystems":true,"showVisualEffectGraphs":true,"m_FxEnabled":true},"in2DMode":false,"pivot":{"x":374.82440185546877,"y":176.25564575195313,"z":-692.9183959960938},"rotation":{"x":0.08830707520246506,"y":-0.09581375122070313,"z":0.008332577534019947,"w":0.9915039539337158},"size":53.851646423339847,"orthographic":false}