{"cameraMode":{"drawMode":0,"name":"Shaded","section":"Shading Mode"},"sceneLighting":false,"audioPlay":false,"sceneViewState":{"m_AlwaysRefresh":false,"showFog":true,"showSkybox":true,"showFlares":true,"showImageEffects":true,"showParticleSystems":true,"showVisualEffectGraphs":true,"m_FxEnabled":true},"in2DMode":false,"pivot":{"x":-10.829817771911621,"y":-0.5945013165473938,"z":-2.3880486488342287},"rotation":{"x":0.01644839346408844,"y":-0.6817183494567871,"z":-0.014898580498993397,"w":-0.7313580513000488},"size":0.9225672483444214,"orthographic":false}